CREATE OR REPLACE PROCEDURE SP_BUSINESS_PROCESS_METADATA_MU_RDWH () RETURNS INTEGER
   LANGUAGE nzplsql AS BEGIN_PROC

DECLARE VAR_BUSINESS_PROCESS_ID_01 INT;
VAR_BUSINESS_PROCESS_ID_02 INT;

VAR_BUSINESS_EVENT_ID_01 INT;
VAR_BUSINESS_EVENT_ID_02 INT;
VAR_BUSINESS_EVENT_ID_03 INT;
VAR_BUSINESS_EVENT_ID_04 INT;
VAR_BUSINESS_EVENT_ID_05 INT;
VAR_BUSINESS_EVENT_ID_06 INT;
VAR_BUSINESS_EVENT_ID_07 INT;
VAR_BUSINESS_EVENT_ID_08 INT;
VAR_BUSINESS_EVENT_ID_09 INT;
VAR_BUSINESS_EVENT_ID_10 INT;
VAR_BUSINESS_EVENT_ID_11 INT;
VAR_BUSINESS_EVENT_ID_12 INT;
VAR_BUSINESS_EVENT_ID_13 INT;
VAR_BUSINESS_EVENT_ID_14 INT;
VAR_BUSINESS_EVENT_ID_15 INT;
VAR_BUSINESS_EVENT_ID_16 INT;
VAR_BUSINESS_EVENT_ID_17 INT;
VAR_BUSINESS_EVENT_ID_18 INT;
VAR_BUSINESS_EVENT_ID_19 INT;
VAR_BUSINESS_EVENT_ID_20 INT;

VAR_BUSINESS_PROCESS_STEP_ID_01 INT;
VAR_BUSINESS_PROCESS_STEP_ID_02 INT;
VAR_BUSINESS_PROCESS_STEP_ID_03 INT;
VAR_BUSINESS_PROCESS_STEP_ID_04 INT;
VAR_BUSINESS_PROCESS_STEP_ID_05 INT;
VAR_BUSINESS_PROCESS_STEP_ID_06 INT;
VAR_BUSINESS_PROCESS_STEP_ID_07 INT;
VAR_BUSINESS_PROCESS_STEP_ID_08 INT;
VAR_BUSINESS_PROCESS_STEP_ID_09 INT;
VAR_BUSINESS_PROCESS_STEP_ID_10 INT;

L_ERR_CD CHAR(5);
L_ERR_MSG VARCHAR(32000);

BEGIN
SET ISOLATION TO UR;

SET VAR_BUSINESS_EVENT_ID_01 = NEXT VALUE FOR SEQUENCE_BUSINESS_CALENDAR_METADATA;
SET VAR_BUSINESS_EVENT_ID_02 = NEXT VALUE FOR SEQUENCE_BUSINESS_CALENDAR_METADATA;
SET VAR_BUSINESS_EVENT_ID_03 = NEXT VALUE FOR SEQUENCE_BUSINESS_CALENDAR_METADATA;
SET VAR_BUSINESS_EVENT_ID_04 = NEXT VALUE FOR SEQUENCE_BUSINESS_CALENDAR_METADATA;
SET VAR_BUSINESS_EVENT_ID_05 = NEXT VALUE FOR SEQUENCE_BUSINESS_CALENDAR_METADATA;
SET VAR_BUSINESS_EVENT_ID_06 = NEXT VALUE FOR SEQUENCE_BUSINESS_CALENDAR_METADATA;
SET VAR_BUSINESS_EVENT_ID_07 = NEXT VALUE FOR SEQUENCE_BUSINESS_CALENDAR_METADATA;
SET VAR_BUSINESS_EVENT_ID_08 = NEXT VALUE FOR SEQUENCE_BUSINESS_CALENDAR_METADATA;
SET VAR_BUSINESS_EVENT_ID_09 = NEXT VALUE FOR SEQUENCE_BUSINESS_CALENDAR_METADATA;
SET VAR_BUSINESS_EVENT_ID_10 = NEXT VALUE FOR SEQUENCE_BUSINESS_CALENDAR_METADATA;
SET VAR_BUSINESS_EVENT_ID_11 = NEXT VALUE FOR SEQUENCE_BUSINESS_CALENDAR_METADATA;
SET VAR_BUSINESS_EVENT_ID_12 = NEXT VALUE FOR SEQUENCE_BUSINESS_CALENDAR_METADATA;
SET VAR_BUSINESS_EVENT_ID_13 = NEXT VALUE FOR SEQUENCE_BUSINESS_CALENDAR_METADATA;
SET VAR_BUSINESS_EVENT_ID_14 = NEXT VALUE FOR SEQUENCE_BUSINESS_CALENDAR_METADATA;
SET VAR_BUSINESS_EVENT_ID_15 = NEXT VALUE FOR SEQUENCE_BUSINESS_CALENDAR_METADATA;
SET VAR_BUSINESS_EVENT_ID_16 = NEXT VALUE FOR SEQUENCE_BUSINESS_CALENDAR_METADATA;
SET VAR_BUSINESS_EVENT_ID_17 = NEXT VALUE FOR SEQUENCE_BUSINESS_CALENDAR_METADATA;
SET VAR_BUSINESS_EVENT_ID_18 = NEXT VALUE FOR SEQUENCE_BUSINESS_CALENDAR_METADATA;
SET VAR_BUSINESS_EVENT_ID_19 = NEXT VALUE FOR SEQUENCE_BUSINESS_CALENDAR_METADATA;
SET VAR_BUSINESS_EVENT_ID_20 = NEXT VALUE FOR SEQUENCE_BUSINESS_CALENDAR_METADATA;

INSERT INTO BUSINESS_EVENT (BUSINESS_EVENT_ID, EVENT_CODE, CLOSING_TYPE_CODE, SCENARIO_TYPE, RUN_TYPE, IS_ACTIVE, TRIGGER_MODE, DELAY_DAYS)
	VALUES(VAR_BUSINESS_EVENT_ID_01, 'EVT_INGEST_MU_APAC_CASHFLOWS_FOR_VALIDATION', 'I17G', 'CLOSING', 'POSTING', true, 'DIP Triggered', NULL);

INSERT INTO BUSINESS_EVENT (BUSINESS_EVENT_ID, EVENT_CODE, CLOSING_TYPE_CODE, SCENARIO_TYPE, RUN_TYPE, IS_ACTIVE, TRIGGER_MODE, DELAY_DAYS)
	VALUES(VAR_BUSINESS_EVENT_ID_02, 'EVT_MU_APAC_CASHFLOWS_VALIDATED', 'I17G', 'CLOSING', 'POSTING', true, 'DIP Triggered', NULL);

INSERT INTO BUSINESS_EVENT (BUSINESS_EVENT_ID, EVENT_CODE, CLOSING_TYPE_CODE, SCENARIO_TYPE, RUN_TYPE, IS_ACTIVE, TRIGGER_MODE, DELAY_DAYS)
	VALUES(VAR_BUSINESS_EVENT_ID_03, 'EVT_INGEST_MU_CANADA_CASHFLOWS_FOR_VALIDATION', 'I17G', 'CLOSING', 'POSTING', true, 'DIP Triggered', NULL);

INSERT INTO BUSINESS_EVENT (BUSINESS_EVENT_ID, EVENT_CODE, CLOSING_TYPE_CODE, SCENARIO_TYPE, RUN_TYPE, IS_ACTIVE, TRIGGER_MODE, DELAY_DAYS)
	VALUES(VAR_BUSINESS_EVENT_ID_04, 'EVT_MU_CANADA_CASHFLOWS_VALIDATED', 'I17G', 'CLOSING', 'POSTING', true, 'DIP Triggered', NULL);

INSERT INTO BUSINESS_EVENT (BUSINESS_EVENT_ID, EVENT_CODE, CLOSING_TYPE_CODE, SCENARIO_TYPE, RUN_TYPE, IS_ACTIVE, TRIGGER_MODE, DELAY_DAYS)
	VALUES(VAR_BUSINESS_EVENT_ID_05, 'EVT_INGEST_MU_FRGE_CASHFLOWS_FOR_VALIDATION', 'I17G', 'CLOSING', 'POSTING', true, 'DIP Triggered', NULL);
	
INSERT INTO BUSINESS_EVENT (BUSINESS_EVENT_ID, EVENT_CODE, CLOSING_TYPE_CODE, SCENARIO_TYPE, RUN_TYPE, IS_ACTIVE, TRIGGER_MODE, DELAY_DAYS)
	VALUES(VAR_BUSINESS_EVENT_ID_06, 'EVT_MU_FRGE_CASHFLOWS_VALIDATED', 'I17G', 'CLOSING', 'POSTING', true, 'DIP Triggered', NULL);

INSERT INTO BUSINESS_EVENT (BUSINESS_EVENT_ID, EVENT_CODE, CLOSING_TYPE_CODE, SCENARIO_TYPE, RUN_TYPE, IS_ACTIVE, TRIGGER_MODE, DELAY_DAYS)
	VALUES(VAR_BUSINESS_EVENT_ID_07, 'EVT_INGEST_MU_UK_CASHFLOWS_FOR_VALIDATION', 'I17G', 'CLOSING', 'POSTING', true, 'DIP Triggered', NULL);

INSERT INTO BUSINESS_EVENT (BUSINESS_EVENT_ID, EVENT_CODE, CLOSING_TYPE_CODE, SCENARIO_TYPE, RUN_TYPE, IS_ACTIVE, TRIGGER_MODE, DELAY_DAYS)
	VALUES(VAR_BUSINESS_EVENT_ID_08, 'EVT_MU_UK_CASHFLOWS_VALIDATED', 'I17G', 'CLOSING', 'POSTING', true, 'DIP Triggered', NULL);

INSERT INTO BUSINESS_EVENT (BUSINESS_EVENT_ID, EVENT_CODE, CLOSING_TYPE_CODE, SCENARIO_TYPE, RUN_TYPE, IS_ACTIVE, TRIGGER_MODE, DELAY_DAYS)
	VALUES(VAR_BUSINESS_EVENT_ID_09, 'EVT_INGEST_MU_US_CASHFLOWS_FOR_VALIDATION', 'I17G', 'CLOSING', 'POSTING', true, 'DIP Triggered', NULL);

INSERT INTO BUSINESS_EVENT (BUSINESS_EVENT_ID, EVENT_CODE, CLOSING_TYPE_CODE, SCENARIO_TYPE, RUN_TYPE, IS_ACTIVE, TRIGGER_MODE, DELAY_DAYS)
	VALUES(VAR_BUSINESS_EVENT_ID_10, 'EVT_MU_US_CASHFLOWS_VALIDATED', 'I17G', 'CLOSING', 'POSTING', true, 'DIP Triggered', NULL);
	

INSERT INTO BUSINESS_EVENT (BUSINESS_EVENT_ID, EVENT_CODE, CLOSING_TYPE_CODE, SCENARIO_TYPE, RUN_TYPE, IS_ACTIVE, TRIGGER_MODE, DELAY_DAYS)
	VALUES(VAR_BUSINESS_EVENT_ID_11, 'EVT_INGEST_MU_APAC_CASHFLOWS_FOR_VALIDATION', 'I17L', 'CLOSING', 'POSTING', true, 'DIP Triggered', NULL);

INSERT INTO BUSINESS_EVENT (BUSINESS_EVENT_ID, EVENT_CODE, CLOSING_TYPE_CODE, SCENARIO_TYPE, RUN_TYPE, IS_ACTIVE, TRIGGER_MODE, DELAY_DAYS)
	VALUES(VAR_BUSINESS_EVENT_ID_12, 'EVT_MU_APAC_CASHFLOWS_VALIDATED', 'I17L', 'CLOSING', 'POSTING', true, 'DIP Triggered', NULL);

INSERT INTO BUSINESS_EVENT (BUSINESS_EVENT_ID, EVENT_CODE, CLOSING_TYPE_CODE, SCENARIO_TYPE, RUN_TYPE, IS_ACTIVE, TRIGGER_MODE, DELAY_DAYS)
	VALUES(VAR_BUSINESS_EVENT_ID_13, 'EVT_INGEST_MU_CANADA_CASHFLOWS_FOR_VALIDATION', 'I17L', 'CLOSING', 'POSTING', true, 'DIP Triggered', NULL);

INSERT INTO BUSINESS_EVENT (BUSINESS_EVENT_ID, EVENT_CODE, CLOSING_TYPE_CODE, SCENARIO_TYPE, RUN_TYPE, IS_ACTIVE, TRIGGER_MODE, DELAY_DAYS)
	VALUES(VAR_BUSINESS_EVENT_ID_14, 'EVT_MU_CANADA_CASHFLOWS_VALIDATED', 'I17L', 'CLOSING', 'POSTING', true, 'DIP Triggered', NULL);

INSERT INTO BUSINESS_EVENT (BUSINESS_EVENT_ID, EVENT_CODE, CLOSING_TYPE_CODE, SCENARIO_TYPE, RUN_TYPE, IS_ACTIVE, TRIGGER_MODE, DELAY_DAYS)
	VALUES(VAR_BUSINESS_EVENT_ID_15, 'EVT_INGEST_MU_FRGE_CASHFLOWS_FOR_VALIDATION', 'I17L', 'CLOSING', 'POSTING', true, 'DIP Triggered', NULL);
	
INSERT INTO BUSINESS_EVENT (BUSINESS_EVENT_ID, EVENT_CODE, CLOSING_TYPE_CODE, SCENARIO_TYPE, RUN_TYPE, IS_ACTIVE, TRIGGER_MODE, DELAY_DAYS)
	VALUES(VAR_BUSINESS_EVENT_ID_16, 'EVT_MU_FRGE_CASHFLOWS_VALIDATED', 'I17L', 'CLOSING', 'POSTING', true, 'DIP Triggered', NULL);

INSERT INTO BUSINESS_EVENT (BUSINESS_EVENT_ID, EVENT_CODE, CLOSING_TYPE_CODE, SCENARIO_TYPE, RUN_TYPE, IS_ACTIVE, TRIGGER_MODE, DELAY_DAYS)
	VALUES(VAR_BUSINESS_EVENT_ID_17, 'EVT_INGEST_MU_UK_CASHFLOWS_FOR_VALIDATION', 'I17L', 'CLOSING', 'POSTING', true, 'DIP Triggered', NULL);

INSERT INTO BUSINESS_EVENT (BUSINESS_EVENT_ID, EVENT_CODE, CLOSING_TYPE_CODE, SCENARIO_TYPE, RUN_TYPE, IS_ACTIVE, TRIGGER_MODE, DELAY_DAYS)
	VALUES(VAR_BUSINESS_EVENT_ID_18, 'EVT_MU_UK_CASHFLOWS_VALIDATED', 'I17L', 'CLOSING', 'POSTING', true, 'DIP Triggered', NULL);

INSERT INTO BUSINESS_EVENT (BUSINESS_EVENT_ID, EVENT_CODE, CLOSING_TYPE_CODE, SCENARIO_TYPE, RUN_TYPE, IS_ACTIVE, TRIGGER_MODE, DELAY_DAYS)
	VALUES(VAR_BUSINESS_EVENT_ID_19, 'EVT_INGEST_MU_US_CASHFLOWS_FOR_VALIDATION', 'I17L', 'CLOSING', 'POSTING', true, 'DIP Triggered', NULL);

INSERT INTO BUSINESS_EVENT (BUSINESS_EVENT_ID, EVENT_CODE, CLOSING_TYPE_CODE, SCENARIO_TYPE, RUN_TYPE, IS_ACTIVE, TRIGGER_MODE, DELAY_DAYS)
	VALUES(VAR_BUSINESS_EVENT_ID_20, 'EVT_MU_US_CASHFLOWS_VALIDATED', 'I17L', 'CLOSING', 'POSTING', true, 'DIP Triggered', NULL);


SET VAR_BUSINESS_PROCESS_STEP_ID_01 = NEXT VALUE FOR SEQUENCE_BUSINESS_CALENDAR_METADATA;
SET VAR_BUSINESS_PROCESS_STEP_ID_02 = NEXT VALUE FOR SEQUENCE_BUSINESS_CALENDAR_METADATA;
SET VAR_BUSINESS_PROCESS_STEP_ID_03 = NEXT VALUE FOR SEQUENCE_BUSINESS_CALENDAR_METADATA;
SET VAR_BUSINESS_PROCESS_STEP_ID_04 = NEXT VALUE FOR SEQUENCE_BUSINESS_CALENDAR_METADATA;
SET VAR_BUSINESS_PROCESS_STEP_ID_05 = NEXT VALUE FOR SEQUENCE_BUSINESS_CALENDAR_METADATA;
SET VAR_BUSINESS_PROCESS_STEP_ID_06 = NEXT VALUE FOR SEQUENCE_BUSINESS_CALENDAR_METADATA;
SET VAR_BUSINESS_PROCESS_STEP_ID_07 = NEXT VALUE FOR SEQUENCE_BUSINESS_CALENDAR_METADATA;
SET VAR_BUSINESS_PROCESS_STEP_ID_08 = NEXT VALUE FOR SEQUENCE_BUSINESS_CALENDAR_METADATA;
SET VAR_BUSINESS_PROCESS_STEP_ID_09 = NEXT VALUE FOR SEQUENCE_BUSINESS_CALENDAR_METADATA;
SET VAR_BUSINESS_PROCESS_STEP_ID_10 = NEXT VALUE FOR SEQUENCE_BUSINESS_CALENDAR_METADATA;

SELECT BUSINESS_PROCESS_ID INTO VAR_BUSINESS_PROCESS_ID_01 FROM BUSINESS_PROCESS WHERE BUSINESS_PROCESS_NAME = 'Business Process for Modelling Engine to DIP (RDWH) Data Flow' AND CLOSING_TYPE_CODE='I17G';

SELECT BUSINESS_PROCESS_ID INTO VAR_BUSINESS_PROCESS_ID_02 FROM BUSINESS_PROCESS WHERE BUSINESS_PROCESS_NAME = 'Business Process for Modelling Engine to DIP (RDWH) Data Flow' AND CLOSING_TYPE_CODE='I17L';
	
INSERT INTO BUSINESS_PROCESS_STEP (BUSINESS_PROCESS_STEP_ID, BUSINESS_PROCESS_STEP_NAME, BUSINESS_PROCESS_ID, STEP_SEQUENCE)
	VALUES(VAR_BUSINESS_PROCESS_STEP_ID_01, 'MU APAC Modeling Engine to RDWH (DIP) Data Flow', VAR_BUSINESS_PROCESS_ID_01, 1);

INSERT INTO BUSINESS_PROCESS_STEP (BUSINESS_PROCESS_STEP_ID, BUSINESS_PROCESS_STEP_NAME, BUSINESS_PROCESS_ID, STEP_SEQUENCE)
	VALUES(VAR_BUSINESS_PROCESS_STEP_ID_02, 'MU Canada Modeling Engine to RDWH (DIP) Data Flow', VAR_BUSINESS_PROCESS_ID_01, 2);

INSERT INTO BUSINESS_PROCESS_STEP (BUSINESS_PROCESS_STEP_ID, BUSINESS_PROCESS_STEP_NAME, BUSINESS_PROCESS_ID, STEP_SEQUENCE)
	VALUES(VAR_BUSINESS_PROCESS_STEP_ID_03, 'MU FR-GE Modeling Engine to RDWH (DIP) Data Flow', VAR_BUSINESS_PROCESS_ID_01, 3);

INSERT INTO BUSINESS_PROCESS_STEP (BUSINESS_PROCESS_STEP_ID, BUSINESS_PROCESS_STEP_NAME, BUSINESS_PROCESS_ID, STEP_SEQUENCE)
	VALUES(VAR_BUSINESS_PROCESS_STEP_ID_04, 'MU UK Modeling Engine to RDWH (DIP) Data Flow', VAR_BUSINESS_PROCESS_ID_01, 4);

INSERT INTO BUSINESS_PROCESS_STEP (BUSINESS_PROCESS_STEP_ID, BUSINESS_PROCESS_STEP_NAME, BUSINESS_PROCESS_ID, STEP_SEQUENCE)
	VALUES(VAR_BUSINESS_PROCESS_STEP_ID_05, 'MU US Modeling Engine to RDWH (DIP) Data Flow', VAR_BUSINESS_PROCESS_ID_01, 5);
	
INSERT INTO BUSINESS_PROCESS_STEP (BUSINESS_PROCESS_STEP_ID, BUSINESS_PROCESS_STEP_NAME, BUSINESS_PROCESS_ID, STEP_SEQUENCE)
	VALUES(VAR_BUSINESS_PROCESS_STEP_ID_06, 'MU APAC Modeling Engine to RDWH (DIP) Data Flow', VAR_BUSINESS_PROCESS_ID_02, 1);

INSERT INTO BUSINESS_PROCESS_STEP (BUSINESS_PROCESS_STEP_ID, BUSINESS_PROCESS_STEP_NAME, BUSINESS_PROCESS_ID, STEP_SEQUENCE)
	VALUES(VAR_BUSINESS_PROCESS_STEP_ID_07, 'MU Canada Modeling Engine to RDWH (DIP) Data Flow', VAR_BUSINESS_PROCESS_ID_02, 2);

INSERT INTO BUSINESS_PROCESS_STEP (BUSINESS_PROCESS_STEP_ID, BUSINESS_PROCESS_STEP_NAME, BUSINESS_PROCESS_ID, STEP_SEQUENCE)
	VALUES(VAR_BUSINESS_PROCESS_STEP_ID_08, 'MU FR-GE Modeling Engine to RDWH (DIP) Data Flow', VAR_BUSINESS_PROCESS_ID_02, 3);

INSERT INTO BUSINESS_PROCESS_STEP (BUSINESS_PROCESS_STEP_ID, BUSINESS_PROCESS_STEP_NAME, BUSINESS_PROCESS_ID, STEP_SEQUENCE)
	VALUES(VAR_BUSINESS_PROCESS_STEP_ID_09, 'MU UK Modeling Engine to RDWH (DIP) Data Flow', VAR_BUSINESS_PROCESS_ID_02, 4);

INSERT INTO BUSINESS_PROCESS_STEP (BUSINESS_PROCESS_STEP_ID, BUSINESS_PROCESS_STEP_NAME, BUSINESS_PROCESS_ID, STEP_SEQUENCE)
	VALUES(VAR_BUSINESS_PROCESS_STEP_ID_10, 'MU US Modeling Engine to RDWH (DIP) Data Flow', VAR_BUSINESS_PROCESS_ID_02, 5);
	
	
INSERT INTO BUSINESS_PROCESS_STEP_EVENT_MAPPING (BUSINESS_PROCESS_STEP_ID, BUSINESS_EVENT_ID)
	VALUES(VAR_BUSINESS_PROCESS_STEP_ID_01, VAR_BUSINESS_EVENT_ID_01);
INSERT INTO BUSINESS_PROCESS_STEP_EVENT_MAPPING (BUSINESS_PROCESS_STEP_ID, BUSINESS_EVENT_ID)
	VALUES(VAR_BUSINESS_PROCESS_STEP_ID_02, VAR_BUSINESS_EVENT_ID_03);
INSERT INTO BUSINESS_PROCESS_STEP_EVENT_MAPPING (BUSINESS_PROCESS_STEP_ID, BUSINESS_EVENT_ID)
	VALUES(VAR_BUSINESS_PROCESS_STEP_ID_03, VAR_BUSINESS_EVENT_ID_05);
INSERT INTO BUSINESS_PROCESS_STEP_EVENT_MAPPING (BUSINESS_PROCESS_STEP_ID, BUSINESS_EVENT_ID)
	VALUES(VAR_BUSINESS_PROCESS_STEP_ID_04, VAR_BUSINESS_EVENT_ID_07);
INSERT INTO BUSINESS_PROCESS_STEP_EVENT_MAPPING (BUSINESS_PROCESS_STEP_ID, BUSINESS_EVENT_ID)
	VALUES(VAR_BUSINESS_PROCESS_STEP_ID_05, VAR_BUSINESS_EVENT_ID_09);
	
INSERT INTO BUSINESS_PROCESS_STEP_EVENT_MAPPING (BUSINESS_PROCESS_STEP_ID, BUSINESS_EVENT_ID)
	VALUES(VAR_BUSINESS_PROCESS_STEP_ID_06, VAR_BUSINESS_EVENT_ID_11);
INSERT INTO BUSINESS_PROCESS_STEP_EVENT_MAPPING (BUSINESS_PROCESS_STEP_ID, BUSINESS_EVENT_ID)
	VALUES(VAR_BUSINESS_PROCESS_STEP_ID_07, VAR_BUSINESS_EVENT_ID_13);
INSERT INTO BUSINESS_PROCESS_STEP_EVENT_MAPPING (BUSINESS_PROCESS_STEP_ID, BUSINESS_EVENT_ID)
	VALUES(VAR_BUSINESS_PROCESS_STEP_ID_08, VAR_BUSINESS_EVENT_ID_15);
INSERT INTO BUSINESS_PROCESS_STEP_EVENT_MAPPING (BUSINESS_PROCESS_STEP_ID, BUSINESS_EVENT_ID)
	VALUES(VAR_BUSINESS_PROCESS_STEP_ID_09, VAR_BUSINESS_EVENT_ID_17);
INSERT INTO BUSINESS_PROCESS_STEP_EVENT_MAPPING (BUSINESS_PROCESS_STEP_ID, BUSINESS_EVENT_ID)
	VALUES(VAR_BUSINESS_PROCESS_STEP_ID_10, VAR_BUSINESS_EVENT_ID_19);
	

EXCEPTION WHEN OTHERS THEN 
	L_ERR_CD := SUBSTR(SQLERRM, 8, 5); 
	L_ERR_MSG := SQLERRM; 
	RAISE EXCEPTION '% Error while executing SQL statement', L_ERR_MSG; 
	RETURN L_ERR_CD; 
 
END; 
END_PROC;