CREATE OR REPLACE PROCEDURE SP_ORC_BATCH_METADATA_FOR_MU_PARAM () RETURNS INTEGER
   LANGUAGE nzplsql AS BEGIN_PROC

DECLARE VAR_BATCH_GROUPING_ID INT ;
VAR_BUSINESS_EVENT_ID_01 INT ;
VAR_BUSINESS_EVENT_ID_02 INT ;
VAR_BUSINESS_EVENT_ID_03 INT ;
VAR_BUSINESS_EVENT_ID_04 INT ;
VAR_BUSINESS_EVENT_ID_05 INT ;
VAR_BUSINESS_PROCESS_ID INT ;
VAR_BUSINESS_PROCESS_STEP_ID_01 INT ; 
VAR_BUSINESS_PROCESS_STEP_ID_02 INT ; 
VAR_BUSINESS_PROCESS_STEP_ID_03 INT ; 
VAR_BUSINESS_PROCESS_STEP_ID_04 INT ; 
VAR_BUSINESS_PROCESS_STEP_ID_05 INT ; 
VAR_BATCH_ID INT;
VAR_JOB_GROUP_ID INT;
VAR_JOB_ID INT;
VAR_JOB_ID_01 INT;
VAR_STEP INT;
L_ERR_CD CHAR(5);
L_ERR_MSG VARCHAR(32000);

BEGIN
SET ISOLATION TO UR;

SET VAR_BATCH_GROUPING_ID = NEXT VALUE FOR SEQUENCE_BATCH_GROUPING;
SET VAR_BUSINESS_EVENT_ID_01 = NEXT VALUE FOR SEQUENCE_BUSINESS_CALENDAR_METADATA;
SET VAR_BUSINESS_EVENT_ID_02 = NEXT VALUE FOR SEQUENCE_BUSINESS_CALENDAR_METADATA;
SET VAR_BUSINESS_EVENT_ID_03 = NEXT VALUE FOR SEQUENCE_BUSINESS_CALENDAR_METADATA;
SET VAR_BUSINESS_EVENT_ID_04 = NEXT VALUE FOR SEQUENCE_BUSINESS_CALENDAR_METADATA;
SET VAR_BUSINESS_EVENT_ID_05 = NEXT VALUE FOR SEQUENCE_BUSINESS_CALENDAR_METADATA;
SET VAR_BUSINESS_PROCESS_ID = NEXT VALUE FOR SEQUENCE_BUSINESS_CALENDAR_METADATA;
SET VAR_BUSINESS_PROCESS_STEP_ID_01 = NEXT VALUE FOR SEQUENCE_BUSINESS_CALENDAR_METADATA;
SET VAR_BUSINESS_PROCESS_STEP_ID_02 = NEXT VALUE FOR SEQUENCE_BUSINESS_CALENDAR_METADATA;
SET VAR_BUSINESS_PROCESS_STEP_ID_03 = NEXT VALUE FOR SEQUENCE_BUSINESS_CALENDAR_METADATA;
SET VAR_BUSINESS_PROCESS_STEP_ID_04 = NEXT VALUE FOR SEQUENCE_BUSINESS_CALENDAR_METADATA;
SET VAR_BUSINESS_PROCESS_STEP_ID_05 = NEXT VALUE FOR SEQUENCE_BUSINESS_CALENDAR_METADATA;

DELETE FROM BATCH_GROUPING WHERE BATCH_GROUPING_NAME = 'IFRS Parameters Manual Upload';
INSERT INTO BATCH_GROUPING (BATCH_GROUPING_ID, BATCH_GROUPING_NAME, ACTIVE_DWH, PASSIVE_DWH, LAST_UPDATE_TIME)
		VALUES(VAR_BATCH_GROUPING_ID, 'IFRS Parameters Manual Upload', 'DWHD2_' || chr(36) || '{ENV}', 'DWHD1_' || chr(36) || '{ENV}', CURRENT_TIMESTAMP);

INSERT INTO BUSINESS_EVENT (BUSINESS_EVENT_ID, EVENT_CODE, CLOSING_TYPE_CODE, SCENARIO_TYPE, RUN_TYPE, IS_ACTIVE, TRIGGER_MODE, DELAY_DAYS)
	VALUES(VAR_BUSINESS_EVENT_ID_01, 'EVT_MU_LIFE_RISK_ADJUSTMENT', 'I17G', 'CLOSING', 'POSTING', true, 'DIP Triggered', NULL);

INSERT INTO BUSINESS_EVENT (BUSINESS_EVENT_ID, EVENT_CODE, CLOSING_TYPE_CODE, SCENARIO_TYPE, RUN_TYPE, IS_ACTIVE, TRIGGER_MODE, DELAY_DAYS)
	VALUES(VAR_BUSINESS_EVENT_ID_02, 'EVT_MU_LIFE_ECONOMIC_CURVE', 'I17G', 'CLOSING', 'POSTING', true, 'DIP Triggered', NULL);

INSERT INTO BUSINESS_EVENT (BUSINESS_EVENT_ID, EVENT_CODE, CLOSING_TYPE_CODE, SCENARIO_TYPE, RUN_TYPE, IS_ACTIVE, TRIGGER_MODE, DELAY_DAYS)
	VALUES(VAR_BUSINESS_EVENT_ID_03, 'EVT_MU_PNC_RISK_ADJUSTMENT_FORPLAN', 'I17G', 'CLOSING', 'POSTING', true, 'DIP Triggered', NULL);

INSERT INTO BUSINESS_EVENT (BUSINESS_EVENT_ID, EVENT_CODE, CLOSING_TYPE_CODE, SCENARIO_TYPE, RUN_TYPE, IS_ACTIVE, TRIGGER_MODE, DELAY_DAYS)
	VALUES(VAR_BUSINESS_EVENT_ID_04, 'EVT_MU_PNC_RISK_ADJUSTMENT', 'I17G', 'CLOSING', 'POSTING', true, 'DIP Triggered', NULL);

INSERT INTO BUSINESS_EVENT (BUSINESS_EVENT_ID, EVENT_CODE, CLOSING_TYPE_CODE, SCENARIO_TYPE, RUN_TYPE, IS_ACTIVE, TRIGGER_MODE, DELAY_DAYS)
	VALUES(VAR_BUSINESS_EVENT_ID_05, 'EVT_MU_PNC_EXPENSE_RATIO', 'I17G', 'CLOSING', 'POSTING', true, 'DIP Triggered', NULL);

INSERT INTO BUSINESS_PROCESS (BUSINESS_PROCESS_ID, BUSINESS_PROCESS_NAME, CLOSING_TYPE_CODE, SCENARIO_TYPE, RUN_TYPE)
	VALUES(VAR_BUSINESS_PROCESS_ID, 'Manual Upload Business Process for IFRS Parameters ', 'I17G', 'CLOSING', 'POSTING');

INSERT INTO BUSINESS_PROCESS_STEP (BUSINESS_PROCESS_STEP_ID, BUSINESS_PROCESS_STEP_NAME, BUSINESS_PROCESS_ID, STEP_SEQUENCE)
	VALUES(VAR_BUSINESS_PROCESS_STEP_ID_01, 'Manual Upload for Life Risk Adjustment', VAR_BUSINESS_PROCESS_ID, 1);
	
INSERT INTO BUSINESS_PROCESS_STEP (BUSINESS_PROCESS_STEP_ID, BUSINESS_PROCESS_STEP_NAME, BUSINESS_PROCESS_ID, STEP_SEQUENCE)
	VALUES(VAR_BUSINESS_PROCESS_STEP_ID_02, 'Manual Upload for Life Economic Curve', VAR_BUSINESS_PROCESS_ID, 2);

INSERT INTO BUSINESS_PROCESS_STEP (BUSINESS_PROCESS_STEP_ID, BUSINESS_PROCESS_STEP_NAME, BUSINESS_PROCESS_ID, STEP_SEQUENCE)
	VALUES(VAR_BUSINESS_PROCESS_STEP_ID_03, 'Manual Upload for P&C Risk Adjustment for Forplan', VAR_BUSINESS_PROCESS_ID, 3);

INSERT INTO BUSINESS_PROCESS_STEP (BUSINESS_PROCESS_STEP_ID, BUSINESS_PROCESS_STEP_NAME, BUSINESS_PROCESS_ID, STEP_SEQUENCE)
	VALUES(VAR_BUSINESS_PROCESS_STEP_ID_04, 'Manual Upload for P&C Risk Adjustment', VAR_BUSINESS_PROCESS_ID, 4);

INSERT INTO BUSINESS_PROCESS_STEP (BUSINESS_PROCESS_STEP_ID, BUSINESS_PROCESS_STEP_NAME, BUSINESS_PROCESS_ID, STEP_SEQUENCE)
	VALUES(VAR_BUSINESS_PROCESS_STEP_ID_05, 'Manual Upload for P&C Expense Ratio', VAR_BUSINESS_PROCESS_ID, 5);

INSERT INTO BUSINESS_PROCESS_STEP_EVENT_MAPPING (BUSINESS_PROCESS_STEP_ID, BUSINESS_EVENT_ID)
	VALUES(VAR_BUSINESS_PROCESS_STEP_ID_01, VAR_BUSINESS_EVENT_ID_01);

INSERT INTO BUSINESS_PROCESS_STEP_EVENT_MAPPING (BUSINESS_PROCESS_STEP_ID, BUSINESS_EVENT_ID)
	VALUES(VAR_BUSINESS_PROCESS_STEP_ID_02, VAR_BUSINESS_EVENT_ID_02);

INSERT INTO BUSINESS_PROCESS_STEP_EVENT_MAPPING (BUSINESS_PROCESS_STEP_ID, BUSINESS_EVENT_ID)
	VALUES(VAR_BUSINESS_PROCESS_STEP_ID_03, VAR_BUSINESS_EVENT_ID_03);

INSERT INTO BUSINESS_PROCESS_STEP_EVENT_MAPPING (BUSINESS_PROCESS_STEP_ID, BUSINESS_EVENT_ID)
	VALUES(VAR_BUSINESS_PROCESS_STEP_ID_04, VAR_BUSINESS_EVENT_ID_04);

INSERT INTO BUSINESS_PROCESS_STEP_EVENT_MAPPING (BUSINESS_PROCESS_STEP_ID, BUSINESS_EVENT_ID)
	VALUES(VAR_BUSINESS_PROCESS_STEP_ID_05, VAR_BUSINESS_EVENT_ID_05);

SET VAR_BATCH_ID = NEXT VALUE FOR SEQUENCE_BATCH_METADATA;
SET VAR_JOB_GROUP_ID = NEXT VALUE FOR SEQUENCE_BATCH_METADATA;
SET VAR_JOB_ID  = NEXT VALUE FOR SEQUENCE_BATCH_METADATA;
SET VAR_JOB_ID_01  = NEXT VALUE FOR SEQUENCE_BATCH_METADATA;
SET VAR_STEP = NEXT VALUE FOR SEQUENCE_BATCH_METADATA;

INSERT INTO JOB_DEPENDENCY (JOB_ID, PARENT_JOB_ID) VALUES(VAR_JOB_ID_01, VAR_JOB_ID);

INSERT INTO BATCH (BATCH_ID,BATCH_NAME,BATCH_DESCRIPTION,APPLICATION_NAME,BATCH_PRIORITY,ON_ERROR,PRE_BATCH_PROCESSING,POST_BATCH_PROCESSING)
	VALUES (VAR_BATCH_ID, 'Manual Upload for Life Risk Adjustment', 'Manual Upload for Life Risk Adjustment', 'DIP', 1, NULL, NULL, NULL);

INSERT INTO JOB_GROUP (JOB_GROUP_ID,JOB_GROUP_NAME,BATCH_ID,PARENT_JOB_GROUP_ID)
	VALUES (VAR_JOB_GROUP_ID, 'Manual Upload for Life Risk Adjustment Job Group', VAR_BATCH_ID, NULL);

INSERT INTO JOB ( JOB_ID, JOB_NAME, JOB_PRIORITY, JOB_GROUP_ID, IS_ACTIVE, JOB_OPTIONAL_RUN )
	VALUES (VAR_JOB_ID, 'Manual Upload for Life Risk Adjustment job', NULL, VAR_JOB_GROUP_ID, NULL, NULL);

INSERT INTO STEP ( STEP_ID, STEP_TYPE_ID, JOB_ID, STEP_NAME, STEP_SEQUENCE ,IS_ACTIVE, PRE_STEP_PROCESSING,STEP_PROCESSING, POST_STEP_PROCESSING)
	VALUES (VAR_STEP, 3, VAR_JOB_ID, 'Manual Upload for Life Risk Adjustment Talend Processing', 1, NULL, NULL, 'api-diptalend:mu_life_ra_processing', NULL);

INSERT INTO DWH_LOAD_STEP ( STEP_ID, DWH_SCHEMA_NAME, DWH_TABLE_NAME, STAGING_SCHEMA_NAME, STAGING_TABLE_NAME, INGESTION_MODE, HISTORIZATION_TYPE, SPECIFIC_PROCESS ) 
        VALUES (VAR_STEP, NULL, NULL, NULL, NULL, NULL, NULL, NULL );


INSERT INTO JOB ( JOB_ID, JOB_NAME, JOB_PRIORITY, JOB_GROUP_ID, IS_ACTIVE, JOB_OPTIONAL_RUN )
        VALUES ( VAR_JOB_ID_01, 'Allocation Process Post MU Life RA', NULL, VAR_JOB_GROUP_ID, NULL, NULL);


SET VAR_STEP = NEXT VALUE FOR SEQUENCE_BATCH_METADATA;

INSERT INTO STEP ( STEP_ID, STEP_TYPE_ID, JOB_ID, STEP_NAME, STEP_SEQUENCE ,IS_ACTIVE, PRE_STEP_PROCESSING,STEP_PROCESSING, POST_STEP_PROCESSING)
        VALUES ( VAR_STEP, 3, VAR_JOB_ID_01, 'Talend call for Allocation Process post MU Life RA', 1, NULL, NULL, 'api-diptalend:lrm_ra_allocation_frame1_processing', NULL);
 
INSERT INTO DWH_LOAD_STEP ( STEP_ID, DWH_SCHEMA_NAME, DWH_TABLE_NAME, STAGING_SCHEMA_NAME, STAGING_TABLE_NAME, INGESTION_MODE, HISTORIZATION_TYPE, SPECIFIC_PROCESS ) 
        VALUES ( VAR_STEP, NULL, NULL, NULL, NULL, NULL, NULL, NULL );

INSERT INTO EVENT ( EVENT_CODE, EVENT_DESCRIPTION )
	VALUES ('EVT_MU_LIFE_RISK_ADJUSTMENT', 'Event for MU for Life Risk Adjustment' );

INSERT INTO EVENT_MAPPING ( EVENT_CODE, BATCH_ID, ORCHESTRATION_PROCESS_STEP_ID, ORCHESTRATION_PROCESS_ID, BATCH_GROUPING_ID, IS_DWH_SWITCH)
	VALUES ('EVT_MU_LIFE_RISK_ADJUSTMENT', VAR_BATCH_ID, NULL, NULL, VAR_BATCH_GROUPING_ID, FALSE);


SET VAR_BATCH_ID = NEXT VALUE FOR SEQUENCE_BATCH_METADATA;
SET VAR_JOB_GROUP_ID = NEXT VALUE FOR SEQUENCE_BATCH_METADATA;
SET VAR_JOB_ID  = NEXT VALUE FOR SEQUENCE_BATCH_METADATA;
SET VAR_STEP = NEXT VALUE FOR SEQUENCE_BATCH_METADATA;

INSERT INTO BATCH (BATCH_ID,BATCH_NAME,BATCH_DESCRIPTION,APPLICATION_NAME,BATCH_PRIORITY,ON_ERROR,PRE_BATCH_PROCESSING,POST_BATCH_PROCESSING)
	VALUES (VAR_BATCH_ID, 'Manual Upload for Life Economic Curve', 'Manual Upload for Life Economic Curve', 'DIP', 1, NULL, NULL, NULL);

INSERT INTO JOB_GROUP (JOB_GROUP_ID,JOB_GROUP_NAME,BATCH_ID,PARENT_JOB_GROUP_ID)
	VALUES (VAR_JOB_GROUP_ID, 'Manual Upload for Life Economic Curve Job Group', VAR_BATCH_ID, NULL);

INSERT INTO JOB ( JOB_ID, JOB_NAME, JOB_PRIORITY, JOB_GROUP_ID, IS_ACTIVE, JOB_OPTIONAL_RUN )
	VALUES (VAR_JOB_ID, 'Manual Upload for Life Economic Curve job', NULL, VAR_JOB_GROUP_ID, NULL, NULL);

INSERT INTO STEP ( STEP_ID, STEP_TYPE_ID, JOB_ID, STEP_NAME, STEP_SEQUENCE ,IS_ACTIVE, PRE_STEP_PROCESSING,STEP_PROCESSING, POST_STEP_PROCESSING)
	VALUES (VAR_STEP, 3, VAR_JOB_ID, 'Manual Upload for Life Economic Curve Talend Processing', 1, NULL, NULL, 'api-diptalend:mu_life_ec_processing', NULL);

INSERT INTO DWH_LOAD_STEP ( STEP_ID, DWH_SCHEMA_NAME, DWH_TABLE_NAME, STAGING_SCHEMA_NAME, STAGING_TABLE_NAME, INGESTION_MODE, HISTORIZATION_TYPE, SPECIFIC_PROCESS ) 
        VALUES (VAR_STEP, NULL, NULL, NULL, NULL, NULL, NULL, NULL );

INSERT INTO EVENT ( EVENT_CODE, EVENT_DESCRIPTION )
	VALUES ('EVT_MU_LIFE_ECONOMIC_CURVE', 'Event for MU for Life Economic Curve' );

INSERT INTO EVENT_MAPPING ( EVENT_CODE, BATCH_ID, ORCHESTRATION_PROCESS_STEP_ID, ORCHESTRATION_PROCESS_ID, BATCH_GROUPING_ID, IS_DWH_SWITCH)
	VALUES ('EVT_MU_LIFE_ECONOMIC_CURVE', VAR_BATCH_ID, NULL, NULL, VAR_BATCH_GROUPING_ID, FALSE);


SET VAR_BATCH_ID = NEXT VALUE FOR SEQUENCE_BATCH_METADATA;
SET VAR_JOB_GROUP_ID = NEXT VALUE FOR SEQUENCE_BATCH_METADATA;
SET VAR_JOB_ID  = NEXT VALUE FOR SEQUENCE_BATCH_METADATA;
SET VAR_STEP = NEXT VALUE FOR SEQUENCE_BATCH_METADATA;

INSERT INTO BATCH (BATCH_ID,BATCH_NAME,BATCH_DESCRIPTION,APPLICATION_NAME,BATCH_PRIORITY,ON_ERROR,PRE_BATCH_PROCESSING,POST_BATCH_PROCESSING)
	VALUES (VAR_BATCH_ID, 'Manual Upload for P&C Risk Adjustment Forplan', 'Manual Upload for P&C Risk Adjustment Forplan', 'DIP', 1, NULL, NULL, NULL);

INSERT INTO JOB_GROUP (JOB_GROUP_ID,JOB_GROUP_NAME,BATCH_ID,PARENT_JOB_GROUP_ID)
	VALUES (VAR_JOB_GROUP_ID, 'Manual Upload for P&C Risk Adjustment Forplan Job Group', VAR_BATCH_ID, NULL);

INSERT INTO JOB ( JOB_ID, JOB_NAME, JOB_PRIORITY, JOB_GROUP_ID, IS_ACTIVE, JOB_OPTIONAL_RUN )
	VALUES (VAR_JOB_ID, 'Manual Upload for P&C Risk Adjustment Forplan job', NULL, VAR_JOB_GROUP_ID, NULL, NULL);

INSERT INTO STEP ( STEP_ID, STEP_TYPE_ID, JOB_ID, STEP_NAME, STEP_SEQUENCE ,IS_ACTIVE, PRE_STEP_PROCESSING,STEP_PROCESSING, POST_STEP_PROCESSING)
	VALUES (VAR_STEP, 3, VAR_JOB_ID, 'Manual Upload for P&C Risk Adjustment Forplan Talend Processing', 1, NULL, NULL, 'api-diptalend:mu_pnc_rafp_processing', NULL);

INSERT INTO DWH_LOAD_STEP ( STEP_ID, DWH_SCHEMA_NAME, DWH_TABLE_NAME, STAGING_SCHEMA_NAME, STAGING_TABLE_NAME, INGESTION_MODE, HISTORIZATION_TYPE, SPECIFIC_PROCESS ) 
        VALUES (VAR_STEP, NULL, NULL, NULL, NULL, NULL, NULL, NULL );

INSERT INTO EVENT ( EVENT_CODE, EVENT_DESCRIPTION )
	VALUES ('EVT_MU_PNC_RISK_ADJUSTMENT_FORPLAN', 'Event for MU for P&C Risk Adjustment Forplan' );

INSERT INTO EVENT_MAPPING ( EVENT_CODE, BATCH_ID, ORCHESTRATION_PROCESS_STEP_ID, ORCHESTRATION_PROCESS_ID, BATCH_GROUPING_ID, IS_DWH_SWITCH)
	VALUES ('EVT_MU_PNC_RISK_ADJUSTMENT_FORPLAN', VAR_BATCH_ID, NULL, NULL, VAR_BATCH_GROUPING_ID, FALSE);


SET VAR_BATCH_ID = NEXT VALUE FOR SEQUENCE_BATCH_METADATA;
SET VAR_JOB_GROUP_ID = NEXT VALUE FOR SEQUENCE_BATCH_METADATA;
SET VAR_JOB_ID  = NEXT VALUE FOR SEQUENCE_BATCH_METADATA;
SET VAR_STEP = NEXT VALUE FOR SEQUENCE_BATCH_METADATA;

INSERT INTO BATCH (BATCH_ID,BATCH_NAME,BATCH_DESCRIPTION,APPLICATION_NAME,BATCH_PRIORITY,ON_ERROR,PRE_BATCH_PROCESSING,POST_BATCH_PROCESSING)
	VALUES (VAR_BATCH_ID, 'Manual Upload for P&C Risk Adjustment', 'Manual Upload for P&C Risk Adjustment', 'DIP', 1, NULL, NULL, NULL);

INSERT INTO JOB_GROUP (JOB_GROUP_ID,JOB_GROUP_NAME,BATCH_ID,PARENT_JOB_GROUP_ID)
	VALUES (VAR_JOB_GROUP_ID, 'Manual Upload for P&C Risk Adjustment Job Group', VAR_BATCH_ID, NULL);

INSERT INTO JOB ( JOB_ID, JOB_NAME, JOB_PRIORITY, JOB_GROUP_ID, IS_ACTIVE, JOB_OPTIONAL_RUN )
	VALUES (VAR_JOB_ID, 'Manual Upload for P&C Risk Adjustment job', NULL, VAR_JOB_GROUP_ID, NULL, NULL);

INSERT INTO STEP ( STEP_ID, STEP_TYPE_ID, JOB_ID, STEP_NAME, STEP_SEQUENCE ,IS_ACTIVE, PRE_STEP_PROCESSING,STEP_PROCESSING, POST_STEP_PROCESSING)
	VALUES (VAR_STEP, 3, VAR_JOB_ID, 'Manual Upload for P&C Risk Adjustment Talend Processing', 1, NULL, NULL, 'api-diptalend:mu_pnc_raf_processing', NULL);

INSERT INTO DWH_LOAD_STEP ( STEP_ID, DWH_SCHEMA_NAME, DWH_TABLE_NAME, STAGING_SCHEMA_NAME, STAGING_TABLE_NAME, INGESTION_MODE, HISTORIZATION_TYPE, SPECIFIC_PROCESS ) 
        VALUES (VAR_STEP, NULL, NULL, NULL, NULL, NULL, NULL, NULL );

INSERT INTO EVENT ( EVENT_CODE, EVENT_DESCRIPTION )
	VALUES ('EVT_MU_PNC_RISK_ADJUSTMENT', 'Event for MU for P&C Risk Adjustment' );

INSERT INTO EVENT_MAPPING ( EVENT_CODE, BATCH_ID, ORCHESTRATION_PROCESS_STEP_ID, ORCHESTRATION_PROCESS_ID, BATCH_GROUPING_ID, IS_DWH_SWITCH)
	VALUES ('EVT_MU_PNC_RISK_ADJUSTMENT', VAR_BATCH_ID, NULL, NULL, VAR_BATCH_GROUPING_ID, FALSE);


SET VAR_BATCH_ID = NEXT VALUE FOR SEQUENCE_BATCH_METADATA;
SET VAR_JOB_GROUP_ID = NEXT VALUE FOR SEQUENCE_BATCH_METADATA;
SET VAR_JOB_ID  = NEXT VALUE FOR SEQUENCE_BATCH_METADATA;
SET VAR_STEP = NEXT VALUE FOR SEQUENCE_BATCH_METADATA;

INSERT INTO BATCH (BATCH_ID,BATCH_NAME,BATCH_DESCRIPTION,APPLICATION_NAME,BATCH_PRIORITY,ON_ERROR,PRE_BATCH_PROCESSING,POST_BATCH_PROCESSING)
	VALUES (VAR_BATCH_ID, 'Manual Upload for P&C Expense Ratio', 'Manual Upload for P&C Expense Ratio', 'DIP', 1, NULL, NULL, NULL);

INSERT INTO JOB_GROUP (JOB_GROUP_ID,JOB_GROUP_NAME,BATCH_ID,PARENT_JOB_GROUP_ID)
	VALUES (VAR_JOB_GROUP_ID, 'Manual Upload for P&C Expense Ratio Job Group', VAR_BATCH_ID, NULL);

INSERT INTO JOB ( JOB_ID, JOB_NAME, JOB_PRIORITY, JOB_GROUP_ID, IS_ACTIVE, JOB_OPTIONAL_RUN )
	VALUES (VAR_JOB_ID, 'Manual Upload for P&C Expense Ratio job', NULL, VAR_JOB_GROUP_ID, NULL, NULL);

INSERT INTO STEP ( STEP_ID, STEP_TYPE_ID, JOB_ID, STEP_NAME, STEP_SEQUENCE ,IS_ACTIVE, PRE_STEP_PROCESSING,STEP_PROCESSING, POST_STEP_PROCESSING)
	VALUES (VAR_STEP, 3, VAR_JOB_ID, 'Manual Upload for P&C Expense Ratio Talend Processing', 1, NULL, NULL, 'api-diptalend:mu_pnc_er_processing', NULL);

INSERT INTO DWH_LOAD_STEP ( STEP_ID, DWH_SCHEMA_NAME, DWH_TABLE_NAME, STAGING_SCHEMA_NAME, STAGING_TABLE_NAME, INGESTION_MODE, HISTORIZATION_TYPE, SPECIFIC_PROCESS ) 
        VALUES (VAR_STEP, NULL, NULL, NULL, NULL, NULL, NULL, NULL );

INSERT INTO EVENT ( EVENT_CODE, EVENT_DESCRIPTION )
	VALUES ('EVT_MU_PNC_EXPENSE_RATIO', 'Event for MU for P&C Expense Ratio' );

INSERT INTO EVENT_MAPPING ( EVENT_CODE, BATCH_ID, ORCHESTRATION_PROCESS_STEP_ID, ORCHESTRATION_PROCESS_ID, BATCH_GROUPING_ID, IS_DWH_SWITCH)
	VALUES ('EVT_MU_PNC_EXPENSE_RATIO', VAR_BATCH_ID, NULL, NULL, VAR_BATCH_GROUPING_ID, FALSE);


EXCEPTION WHEN OTHERS THEN 
	L_ERR_CD := SUBSTR(SQLERRM, 8, 5); 
	L_ERR_MSG := SQLERRM; 
	RAISE EXCEPTION '% Error while executing SQL statement', L_ERR_MSG; 
	RETURN L_ERR_CD; 
 
END; 

END_PROC;